<?xml version="1.0" encoding="UTF-8"?>
<Models>
	<Categories>
		<Category>
			<id>landcraft</id>
			<Name>Land Craft</Name>
			<Items>
				<Item>
					<Name>Jeep 1</Name>
					<Thumbnail>
						<URL>images/jeep.png</URL>
						<width>256</width>
						<height>256</height>
					</Thumbnail>
					<Model>
						<MeshURL>models/meshes/jeep1.dae</MeshURL>
					</Model>
					<Textures>
						<Texture>
							<Name>jeep1_jpg</Name>
							<ImageURL>models/textures/jeep1.jpg</ImageURL>
						</Texture>
						<Texture>
							<Name>jeep1_jpg-Material</Name>
							<ImageURL>models/textures/jeep1.jpg</ImageURL>
						</Texture>
						<Texture>
							<Name>jeep1_jpg-Material001</Name>
							<ImageURL>models/textures/jeep1.jpg</ImageURL>
						</Texture>
						<Texture>
							<Name>jeep1_jpg-Material002</Name>
							<ImageURL>models/textures/jeep1.jpg</ImageURL>
						</Texture>
						<Texture>
							<Name>jeep1_jpg-Material003</Name>
							<ImageURL>models/textures/jeep1.jpg</ImageURL>
						</Texture>
						<Texture>
							<Name>jeep1_jpg-Material004</Name>
							<ImageURL>models/textures/jeep1.jpg</ImageURL>
						</Texture>
						<Texture>
							<Name>jeep1_jpg-Material005</Name>
							<ImageURL>models/textures/jeep1.jpg</ImageURL>
						</Texture>
					</Textures>
					<Layers>
						<Layer>
							<Type>Image</Type>
							<id>0</id>
							<x>-30</x>
							<y>100</y>
							<scaleX>0.5</scaleX>
							<scaleY>0.5</scaleY>
							<rotation>0</rotation>
							<vector>0,-1,-1</vector>
						</Layer>
					</Layers>
				</Item>
				<Item>
					<Name>Hotrod 1</Name>
					<Thumbnail>
						<URL>images/hotrod.png</URL>
						<width>256</width>
						<height>256</height>
					</Thumbnail>
					<Model>
						<MeshURL>models/meshes/hotrod.dae</MeshURL>
					</Model>
					<Textures>
						<Texture>
							<Name>eng_jpg</Name>
							<ImageURL>models/textures/eng.jpg</ImageURL>
						</Texture>
						<Texture>
							<Name>exlow_jpg</Name>
							<ImageURL>models/textures/exlow.jpg</ImageURL>
						</Texture>
						<Texture>
							<Name>exlow_jpg-Material</Name>
							<ImageURL>models/textures/exlow.jpg</ImageURL>
						</Texture>
						<Texture>
							<Name>sp_jpg</Name>
							<ImageURL>models/textures/sp.jpg</ImageURL>
						</Texture>
						<Texture>
							<Name>exlow_jpg-Material001</Name>
							<ImageURL>models/textures/exlow.jpg</ImageURL>
						</Texture>
						<Texture>
							<Name>exlow_jpg-Material002</Name>
							<ImageURL>models/textures/exlow.jpg</ImageURL>
						</Texture>
						<Texture>
							<Name>exlow_jpg-Material003</Name>
							<ImageURL>models/textures/exlow.jpg</ImageURL>
						</Texture>
						<Texture>
							<Name>exlow_jpg-Material004</Name>
							<ImageURL>models/textures/exlow.jpg</ImageURL>
						</Texture>
						<Texture>
							<Name>wheellow_jpg</Name>
							<ImageURL>models/textures/wheellow.jpg</ImageURL>
						</Texture>
						<Texture>
							<Name>lowcartexture_jpg</Name>
							<ImageURL>models/textures/lowcartexture.jpg</ImageURL>
						</Texture>
					</Textures>
					<Layers>
						<Layer>
							<Type>Image</Type>
							<id>0</id>
							<x>-30</x>
							<y>10</y>
							<scaleX>0.5</scaleX>
							<scaleY>0.5</scaleY>
							<rotation>0</rotation>
							<vector>0,-1,-1</vector>
						</Layer>
					</Layers>
				</Item>
				<Item>
					<Name>Collada 1</Name>
					<Thumbnail>
						<URL>images/jeep.png</URL>
						<width>256</width>
						<height>256</height>
					</Thumbnail>
					<Model>
						<MeshURL>models/meshes/1.dae</MeshURL>
					</Model>
					<Textures>
						<Texture>
							<Name>lambert4</Name>
							<ImageURL>models/textures/jeep1.jpg</ImageURL>
						</Texture>
					</Textures>
					<Layers />
				</Item>
				<Item>
					<Name>Collada 2</Name>
					<Thumbnail>
						<URL>images/jeep.png</URL>
						<width>256</width>
						<height>256</height>
					</Thumbnail>
					<Model>
						<MeshURL>models/meshes/2.dae</MeshURL>
					</Model>
					<Textures>
						<Texture>
							<Name>lambert4</Name>
							<ImageURL>models/textures/jeep1.jpg</ImageURL>
						</Texture>
					</Textures>
					<Layers />
				</Item>
				<Item>
					<Name>Avatar 2</Name>
					<Thumbnail>
						<URL>images/avatar2.png</URL>
						<width>256</width>
						<height>256</height>
					</Thumbnail>
					<Model>
						<MeshURL>models/meshes/avatar2.dae</MeshURL>
					</Model>
					<Textures>
						<Texture>
							<Name>lambert2</Name>
							<ImageURL>models/textures/avatar2texture.jpg</ImageURL>
						</Texture>
					</Textures>
					<Layers />
				</Item>
				<Item>
					<Name>Boat</Name>
					<Thumbnail>
						<URL>images/boat.png</URL>
						<width>256</width>
						<height>256</height>
					</Thumbnail>
					<Model>
						<MeshURL>models/meshes/boat.dae</MeshURL>
					</Model>
					<Textures>
						<Texture>
							<Name>lambert7</Name>
							<ImageURL>models/textures/boattext.jpg</ImageURL>
						</Texture>
					</Textures>
					<Layers />
				</Item>
				<Item>
					<Name>Car</Name>
					<Thumbnail>
						<URL>images/car.png</URL>
						<width>256</width>
						<height>256</height>
					</Thumbnail>
					<Model>
						<MeshURL>models/meshes/car.dae</MeshURL>
					</Model>
					<Textures>
						<Texture>
							<Name>lambert5</Name>
							<ImageURL>models/textures/cubetext.jpg</ImageURL>
						</Texture>
						<Texture>
							<Name>lambert7</Name>
							<ImageURL>models/textures/boattext.jpg</ImageURL>
						</Texture>
						<Texture>
							<Name>lambert11</Name>
							<ImageURL>models/textures/cartext.jpg</ImageURL>
						</Texture>
						<Texture>
							<Name>lambert13</Name>
							<ImageURL>models/textures/cartext.jpg</ImageURL>
						</Texture>
					</Textures>
					<Layers />
				</Item>
				<Item>
					<Name>House</Name>
					<Thumbnail>
						<URL>images/colladahouse.png</URL>
						<width>256</width>
						<height>256</height>
					</Thumbnail>
					<Model>
						<MeshURL>models/meshes/ColladaHouse.dae</MeshURL>
					</Model>
					<Textures>
						<Texture>
							<Name>lambert2</Name>
							<ImageURL>models/textures/avatar2texture.jpg</ImageURL>
						</Texture>
					</Textures>
					<Layers />
				</Item>
				<Item>
					<Name>Cube</Name>
					<Thumbnail>
						<URL>images/cube.png</URL>
						<width>256</width>
						<height>256</height>
					</Thumbnail>
					<Model>
						<MeshURL>models/meshes/cube.dae</MeshURL>
					</Model>
					<Textures>
						<Texture>
							<Name>lambert4</Name>
							<ImageURL>models/textures/cubetext.jpg</ImageURL>
						</Texture>
						<Texture>
							<Name>lambert5</Name>
							<ImageURL>models/textures/cubetext.jpg</ImageURL>
						</Texture>
					</Textures>
					<Layers>
						<Layer>
							<Type>Image</Type>
							<id>0</id>
							<x>-30</x>
							<y>10</y>
							<scaleX>0.5</scaleX>
							<scaleY>0.5</scaleY>
							<rotation>0</rotation>
							<vector>0,-1,-1</vector>
						</Layer>
					</Layers>
				</Item>
				<Item>
					<Name>Low Poly Avatar</Name>
					<Thumbnail>
						<URL>images/lowpolyavatar.png</URL>
						<width>256</width>
						<height>256</height>
					</Thumbnail>
					<Model>
						<MeshURL>models/meshes/lowpolyavatar1.dae</MeshURL>
					</Model>
					<Textures>
						<Texture>
							<Name>lambert17</Name>
							<ImageURL>models/textures/charactertexture.jpg</ImageURL>
						</Texture>
						<Texture>
							<Name>surfaceShader</Name>
							<ImageURL>models/textures/charactertexture.jpg</ImageURL>
						</Texture>
						<Texture>
							<Name>lambert18</Name>
							<ImageURL>models/textures/charactertexture.jpg</ImageURL>
						</Texture>
						<Texture>
							<Name>lambert19</Name>
							<ImageURL>models/textures/charactertexture.jpg</ImageURL>
						</Texture>
						<Texture>
							<Name>lambert20</Name>
							<ImageURL>models/textures/charactertexture.jpg</ImageURL>
						</Texture>
					</Textures>
					<Layers>
						<Layer>
							<Type>Image</Type>
							<id>0</id>
							<x>-30</x>
							<y>0</y>
							<scaleX>0.5</scaleX>
							<scaleY>0.5</scaleY>
							<rotation>0</rotation>
							<vector>1,0,0</vector>
						</Layer>
					</Layers>
				</Item>
				<Item>
					<Name>Pyramid</Name>
					<Thumbnail>
						<URL>images/pyramid.png</URL>
						<width>256</width>
						<height>256</height>
					</Thumbnail>
					<Model>
						<MeshURL>models/meshes/Pyramid.dae</MeshURL>
					</Model>
					<Textures>
						<Texture>
							<Name>lambert20</Name>
							<ImageURL>models/textures/pyramidtext.dae.jpg</ImageURL>
						</Texture>
					</Textures>
					<Layers>
						<Layer>
							<Type>Image</Type>
							<id>0</id>
							<x>-30</x>
							<y>10</y>
							<scaleX>0.5</scaleX>
							<scaleY>0.5</scaleY>
							<rotation>0</rotation>
							<vector>0,-1,-1</vector>
						</Layer>
					</Layers>
				</Item>
				<Item>
					<Name>Sphere</Name>
					<Thumbnail>
						<URL>images/sphere.png</URL>
						<width>256</width>
						<height>256</height>
					</Thumbnail>
					<Model>
						<MeshURL>models/meshes/Sphere.dae</MeshURL>
					</Model>
					<Textures>
						<Texture>
							<Name>lambert16</Name>
							<ImageURL>models/textures/Spheretext.jpg</ImageURL>
						</Texture>
					</Textures>
					<Layers>
						<Layer>
							<Type>Image</Type>
							<id>0</id>
							<x>-30</x>
							<y>10</y>
							<scaleX>0.5</scaleX>
							<scaleY>0.5</scaleY>
							<rotation>0</rotation>
							<vector>0,-1,-1</vector>
						</Layer>
					</Layers>
				</Item>
				<Item>
					<Name>Torus</Name>
					<Thumbnail>
						<URL>images/torus.png</URL>
						<width>256</width>
						<height>256</height>
					</Thumbnail>
					<Model>
						<MeshURL>models/meshes/torus.dae</MeshURL>
					</Model>
					<Textures>
						<Texture>
							<Name>lambert17</Name>
							<ImageURL>models/textures/torustext.jpg</ImageURL>
						</Texture>
					</Textures>
					<Layers>
						<Layer>
							<Type>Image</Type>
							<id>0</id>
							<x>-30</x>
							<y>10</y>
							<scaleX>0.5</scaleX>
							<scaleY>0.5</scaleY>
							<rotation>0</rotation>
							<vector>0,-1,-1</vector>
						</Layer>
					</Layers>
				</Item>
			</Items>
		</Category>
	</Categories>
</Models>