<?xml version="1.0" encoding="UTF-8"?>
<Stamps>
	<Categories>
		<Category>
			<id>logo</id>
			<Name>Logo</Name>
			<Items>
				<Item>
					<id>0</id>
					<Name>Smiley</Name>
					<Type>Image</Type>
					<Thumbnail>
						<URL>stamps/Smiley-face.gif</URL>
						<width>256</width>
						<height>256</height>
					</Thumbnail>
					<Stamp>
						<StampURL>stamps/Smiley-face.gif</StampURL>
					</Stamp>
				</Item>
				<Item>
					<id>7</id>
					<Name>Star</Name>
					<Type>Stencil</Type>
					<Thumbnail>
						<URL>stamps/stencils.swf#starStencil</URL>
						<width>256</width>
						<height>256</height>
					</Thumbnail>
					<Stamp>
						<StampURL>stamps/stencils.swf#starStencilMask</StampURL>
					</Stamp>
				</Item>
				<Item>
					<id>8</id>
					<Name>Image 1</Name>
					<Type>Image</Type>
					<Thumbnail>
						<URL>stamps/1.png</URL>
						<width>256</width>
						<height>256</height>
					</Thumbnail>
					<Stamp>
						<StampURL>stamps/1.png</StampURL>
					</Stamp>
				</Item>
				<Item>
					<id>9</id>
					<Name>Image 2</Name>
					<Type>Image</Type>
					<Thumbnail>
						<URL>stamps/2.png</URL>
						<width>256</width>
						<height>256</height>
					</Thumbnail>
					<Stamp>
						<StampURL>stamps/2.png</StampURL>
					</Stamp>
				</Item>
				<Item>
					<id>10</id>
					<Name>Image 3</Name>
					<Type>Image</Type>
					<Thumbnail>
						<URL>stamps/3.png</URL>
						<width>256</width>
						<height>256</height>
					</Thumbnail>
					<Stamp>
						<StampURL>stamps/3.png</StampURL>
					</Stamp>
				</Item>
				<Item>
					<id>11</id>
					<Name>Image 4</Name>
					<Type>Image</Type>
					<Thumbnail>
						<URL>stamps/4.png</URL>
						<width>256</width>
						<height>256</height>
					</Thumbnail>
					<Stamp>
						<StampURL>stamps/4.png</StampURL>
					</Stamp>
				</Item>
				<Item>
					<id>12</id>
					<Name>Image 5</Name>
					<Type>Image</Type>
					<Thumbnail>
						<URL>stamps/5.png</URL>
						<width>256</width>
						<height>256</height>
					</Thumbnail>
					<Stamp>
						<StampURL>stamps/5.png</StampURL>
					</Stamp>
				</Item>
				<Item>
					<id>13</id>
					<Name>Image 6</Name>
					<Type>Image</Type>
					<Thumbnail>
						<URL>stamps/6.png</URL>
						<width>256</width>
						<height>256</height>
					</Thumbnail>
					<Stamp>
						<StampURL>stamps/6.png</StampURL>
					</Stamp>
				</Item>
				<Item>
					<id>14</id>
					<Name>Image 7</Name>
					<Type>Image</Type>
					<Thumbnail>
						<URL>stamps/7.png</URL>
						<width>256</width>
						<height>256</height>
					</Thumbnail>
					<Stamp>
						<StampURL>stamps/7.png</StampURL>
					</Stamp>
				</Item>
				<Item>
					<id>15</id>
					<Name>Image 8</Name>
					<Type>Image</Type>
					<Thumbnail>
						<URL>stamps/8.png</URL>
						<width>256</width>
						<height>256</height>
					</Thumbnail>
					<Stamp>
						<StampURL>stamps/8.png</StampURL>
					</Stamp>
				</Item>
				<Item>
					<id>16</id>
					<Name>Image 9</Name>
					<Type>Image</Type>
					<Thumbnail>
						<URL>stamps/9.png</URL>
						<width>256</width>
						<height>256</height>
					</Thumbnail>
					<Stamp>
						<StampURL>stamps/9.png</StampURL>
					</Stamp>
				</Item>
				<Item>
					<id>17</id>
					<Name>Image 10</Name>
					<Type>Image</Type>
					<Thumbnail>
						<URL>stamps/10.png</URL>
						<width>256</width>
						<height>256</height>
					</Thumbnail>
					<Stamp>
						<StampURL>stamps/10.png</StampURL>
					</Stamp>
				</Item>
				<Item>
					<id>18</id>
					<Name>Image 11</Name>
					<Type>Image</Type>
					<Thumbnail>
						<URL>stamps/11.png</URL>
						<width>256</width>
						<height>256</height>
					</Thumbnail>
					<Stamp>
						<StampURL>stamps/11.png</StampURL>
					</Stamp>
				</Item>
				<Item>
					<id>19</id>
					<Name>Image 12</Name>
					<Type>Image</Type>
					<Thumbnail>
						<URL>stamps/12.png</URL>
						<width>256</width>
						<height>256</height>
					</Thumbnail>
					<Stamp>
						<StampURL>stamps/12.png</StampURL>
					</Stamp>
				</Item>
				<Item>
					<id>20</id>
					<Name>Image 13</Name>
					<Type>Image</Type>
					<Thumbnail>
						<URL>stamps/13.png</URL>
						<width>256</width>
						<height>256</height>
					</Thumbnail>
					<Stamp>
						<StampURL>stamps/13.png</StampURL>
					</Stamp>
				</Item>
				<Item>
					<id>21</id>
					<Name>Image 14</Name>
					<Type>Image</Type>
					<Thumbnail>
						<URL>stamps/14.png</URL>
						<width>256</width>
						<height>256</height>
					</Thumbnail>
					<Stamp>
						<StampURL>stamps/14.png</StampURL>
					</Stamp>
				</Item>
				<Item>
					<id>22</id>
					<Name>Image 15</Name>
					<Type>Image</Type>
					<Thumbnail>
						<URL>stamps/15.png</URL>
						<width>256</width>
						<height>256</height>
					</Thumbnail>
					<Stamp>
						<StampURL>stamps/15.png</StampURL>
					</Stamp>
				</Item>
			</Items>
		</Category>
	</Categories>
</Stamps>